redditor,link_karma,comment_karma
mathurin1911,322,19673
googajub,1696,3554
yoda133113,1673,111500
eliminate1337,4792,19819
preciseshooter,245,829
TheNaBr,1,3661
maddata,17,15240
Shotgun_Sentinel,1652,21571
RealBlueShirt,1,88
BrawnyJava,1,14974
looklistencreate,40,31039
loudnoises461,344,4015
rikross22,718,38008
Sollexs,248,11223
GetZePopcorn,148,17548
ClockOfTheLongNow,4176,23034
chitwin,1600,4865
PIE-314,1204,4333
littlebitsoffluff,94,1508
HomerWells,86,31451
improbable_humanoid,190,4027
down42roads,2616,87807
Toastburger,5,723
SDedaluz,63,1316
brunnock,9878,16525
baliao,100,2065
rAlexanderAcosta,93,10369
Foxtrot56,668,44810
no-sound_somuch_fury,1,438
MattStalfs,454,810
zigmeister22,862,1862
Ariadnepyanfar,119,16086
kinderdemon,10,18243
cantletthatstand,121,11348
popname,1,3147
A_Crabby_Patty,45,3250
Braver_Incident,1392,18457
epicwinguy101,1169,29695
Bart_the_Cat,3111,3570
Cycloptichorn,2203,28884
Gintoh,1659,281
momsaidno,47,3059
KumarLittleJeans,240,1269
mister_impossible,3402,17259
MisterMiddleFinger,1,2833
CollaWars,81,7216
tehfunnymans,49,11487
hck1206a9102,61,633
BoiseNTheHood,1287,33822
bleahdeebleah,10067,20459
_PM_ME_YOUR_SMILE,5079,23622
jfpbookworm,1795,20422
Precursor2552,28,14452
HisImperialGreatness,1,199
intravenus_de_milo,24153,120217
circlebrock,1,1271
-45,810,2149
bigtoine,173,24011
The_eyeballs,17,1114
singbean,2,3599
DailyFrance69,147,2362
balorina,26,12751
joecity856,284,14676
redwhiskeredbubul,5701,41997
CompactedConscience,38,5755
GunsOfZapata,834,3095
lametown_poopypants,3,508
rkrish7,775,16975
Bassoon_Commie,5532,105647
takatori,2322,104842
AnthemIcarus,1,797
VinterMute,212,5277
Enturk,241,4049
moreworkouts,54,1792
CarmellaKimara,1897,9889
TheInternetHivemind,42,158242
ZenerDiod,1,4096
Species7,1,2857
SapCPark,832,37239
Scottmk4,1062,19449
Phunk131,8789,229045
jazzmoses,51,816
OpticalDelusion,18,16849
mcopper89,197,24846
wiseoldunicorn,1,1348
marishtar,3307,75041
MILLER_LITE_WOOO,566,3008
Stormgeddon,527,4206
Daedalus1907,243,13096
kcazllerraf,482,10582
Crayon_in_my_brain,1,1800
cassander,70,66127
virnovus,25107,114179
praxulus,263,19484
PerfectSociety,8,366
houinator,7293,133804
revanyo,2809,421
buffalo_pete,6393,35798
shieldmegoodies,22,1213
skarphace,363,22632
brinz1,4597,58624
avalonhill,284,2610
michaelmalak,1372,3615
repmack,1795,47477
smurphy1,1669,16438
tomzilla,434,324
darkrundus,1,4290
Revere12,18,16552
WackyXaky,74,7364
Pollster101,73,1224
Xelath,1274,12586
jsh5h7,8641,46043
arthurpaliden,5400,76455
bergamaut,214,10170
urnbabyurn,5293,96235
ISBUchild,1,2347
buzzit292,2468,7515
Risk_Neutral,24,704
ScatteredPictures,13,515
SevTheNiceGuy,1,4745
sonicjr,60,5261
JimMarch,5114,54232
lmaoo-sure,225,24415
The_Actual_Devil,11,18709
TeddysBigStick,14,9492
cp5184,913,62167
DBH114,1,4459
burritoace,49,6141
UnabatedMysteries,858,1626
res0nat0r,341,9954
R_B_Kazenzakis,1871,41614
tyzad,1,289
RedOctober15,1,-74
zascar,8172,1322
Jmcduff5,773,5375
teddilicious,83,14106
PKMKII,10914,40293
maudland2,1,-1
goethean,3008,5424
Hans_Brickface,1,2068
Og_The_Barbarian,17,130
Grundelwald,123,12237
Whippersnapper-getit,1,515
Awesometom100,43,5279
MrIvysaur,1611,23226
kevinbaconjames,3785,12338
spaceghoti,245685,204010
evanb_,3330,88725
bumbleshirts,1642,14665
NonHomogenized,919,31982
flantabulous,10778,37735
hatramroany,20382,130156
dickwhitman69,104,1734
FWfeelsDaBern,5,3
stripes_by_proxy,4,9953
Beloson,521,18884
MHB210,3941,15294
AssassinPanda97,427,1772
cenosillicaphobiac,95,19475
kirkisartist,2879,6138
FacelessBureaucrat,1334,43399
politicaleft,47002,1920
lightfire409,364,12493
Destro_Destroyer,1,315
TsarPerhaps,448,5100
BatCountry9,878,72408
Eroticawriter4,146,6516
mashington14,52,128035
Oreo_Speedwagon,194,76949
STUMPIN_FOR_TRUMP,1,217
Lefaid,10,15884
BarcodeNinja,3227,24171
cormega,10718,119082
Alphadude007,15556,19160
Shiloh86,10,1217
JimmyNelson,37342,8570
VegaThePunisher,2941,5421
rwilso7,1,1627
BookwormSkates,26635,72958
Weenercopter,860,42358
krabbby,352,47433
Jalapeno_Business,917,84435
Bizoza9,83,15088
Gnome_Sane,28876,7988
stefvh,8,1234
danhOIUY,55,849
jadwy916,90,3509
pettytom,1,1005
ctrocks,819,3183
FlowCannon,91,793
Quierochurros,4193,17829
zoidberg1339,4003,271633
goodbetterbestbested,1491,23018
RecallRethuglicans,624,290
tomanonimos,6670,29563
Nonsanguinity,3227,11974
Darkmoth,504,8129
Nyefan,13,4531
rabidstoat,2835,26191
MeowTheMixer,18,5144
pintonium,355,6700
CaspianX2,3823,143328
seven_seven,1128,24934
prizepig,1314,7284
aussiemourinho,1,337
garfangle,30,176
atomicpete,13384,787
JoePragmatist,26,5239
worksaf,27,17750
gitarfool,374,884
Wossisops,38,2609
HotWeen,1,20586
roberttylerlee,9052,17003
IUhoosier_KCCO,88,40415
cipahs,1284,7493
jmdugan,30301,19083
bergie321,1,57164
pjabrony,187,56361
iflyboats,1,686
Crayz9000,10530,16410
Mrs_Frisby,391,6978
Sandvichincarnate,1,202
SA311,17076,3286
rosechaltry,62,35
GrandEthos,143,19327
Snedeker,6335,14867
palsh7,16736,71598
_o7,284,2500
ivanthecurious,14765,22051
cuteman,13801,97934
DoctorBreakfast,378,8761
Juvenall,700,7763
LiveByTheFreePen,1,341
lannister80,290,30743
PARK_THE_BUS,4313,13532
captain_craptain,14144,36730
RoundSimbacca,1477,15216
Vayate,44599,23533
MajorRollin,823,2196
ChainedDog,1,1764
BrutePhysics,518,18741
0x6A7232,1,868
dgrant92,1,13452
talkin_baseball,17,400
Dynamaxion,5478,89536
genebeam,11,6576
yabbadabbadoo1,26,13581
anticapitalist,4780,9378
linkns86,46,1981
draekia,1910,22885
vitalityy,1254,5767
DeShawnThordason,675,61178
FuzzyLoveRabbit,189,97140
antimatter_beam_core,17,4168
DarkSideActual,1200,595
Shake33,286,4538
zumin3k,4408,2143
mclumber1,2381,8135
diablo_man,1763,63204
bfhurricane,3457,9984
wootfatigue,4363,6998
ellipses1,15042,57475
3_headed_dragon,1,297
The_Loudest_Shop_Vac,97,6107
distressed_bacon,42,1080
Pzazz,847,3189
flal4,97,10661
HeinigerNZ,13509,23671
Rocket80,553,11627
pnewman98,303,4413
mrbobsthegreat,440,15771
MartianBrain,1,5213
cmmgreene,751,6803
kerouacrimbaud,588,3311
swaskowi,8,1877
ThisisClambake,1,310
Hauvegdieschisse,10632,28150
temporarycreature,21454,50886
FighterPoetThinker,7486,25644
thetinguy,35,16644
Warzonekilla,1305,8515
specialpatrol,105,10651
DoctorOblivious,1,2216
Meph616,3681,31009
pimanac,4815,2794
evoblade,305,11680
whatIsaRedditt,22,4289
F22Rapture,13076,41853
suto,256,29743
DarkAvenger12,1972,12557
Deggit,11909,72259
i_smell_my_poop,45502,51497
craig80,147,7506
qlube,580,23395
redem,24,29096
Frostiken,17153,244421
Stormflux,152,65067
imfreakinouthere,311,13348
periphery72271,317,64703
tom_the_tanker,106,2958
Funklestein,602,11823
Trot1217,51,4649
boxerman81,71,9578
MemeticParadigm,2,5229
FlareCorran,1,15460
King-in-Council,262,5773
minorsaint,28,27170
Guys_Ranqe,518,9989
nsjersey,3075,6156
AMatterofTrust,102,1579
Wagga_Wagga,1,183
mywan,839,22615
BanjoBilly,3246,3899
mt_weather,4,872
englishmuff,1997,4210
Fr33zy159,1229,10934
Wowimo,265,4045
wsdmskr,811,10775
Younger_Gods,19,2193
artsrc,39,6691
worktheterrible,1,4
ahoyhoyhey,15229,31984
Ford42,6860,2665
kubrick66,2633,34337
nickb64,1049,10622
Atheia,6402,18488
Rolling-on-Shabbos,1,18849
dekuscrub,1247,113019
Weaselbane,1,3829
Grommy,32,3798
Tsuruta64,4,16459
Comiclove93,274,768
ge93,102,1613
RationalRattachist,34,679
johnturkey,365,57223
allmilhouse,895,18833
Burn-Account,7378,16339
Circumin,1,945
Whole_cord,74,809
getfuckingreal,1651,30730
Quetzalcoatls,32,27996
Kharos,43,10927
majinspy,29,45062
stewshi,10,444
EntroperZero,1679,36025
AceholeThug,1,3497
the_sam_ryan,1,36675
tattlestation,2929,9982
knowses,4553,54905
luster,44546,17602
takingitlikeachamp,33,3995
Jshanksmith,53,147
kingvitaman,22053,57428
WhiteyDude,5731,69014
spencer102,2512,30700
steelerfaninperu,62,8749
QuantumDischarge,178,13638
securitywyrm,28360,87475
nerox3,5913,19298
samtravis,340,12003
jcoguy33,2488,10266
PoppyOncrack,2011,6139
tuna_HP,309,17647
scsuhockey,7603,30104
javi404,2400,13159
Yarimdrunk,1,89
Fuckdabullshit,1,12645
I_am_Norwegian,9057,40981
myballsareitchy,827,7884
bartoksic,27,3690
Nygmus,2094,47540
dannylandulf,44549,99215
dovetc,206,14954
Jayk_,456,20575
SirGallantLionheart,5406,23014
loercase,1856,83717
Xirema,1045,8959
iul,460,1309
daddysgun,388,8742
dannydiegomusic,6,373
Phantazein,326,1075
pankpankpank,1,6195
UncleMeat,297,49489
walnut_of_doom,17,39159
therealovi,76,4040
milesandmilesoftacos,552,6740
Drewskeeee,326,1870
RideTheTigerBrah,827,1375
Temp55551111,1,597
Shmitles,14195,4591
dewooPickle,1,602
ben1204,3240,59170
Unshkblefaith,2481,18959
Captainobvvious,3254,56544
PlatinumGoat75,117,4932
usernameistaken5,4,2362
GravitasFree,169,5299
Huey_McDuck,1,30
richie_gunn,1127,3144
mrhymer,628,20727
Barking_at_the_Moon,2417,15740
Piratiko,8569,189876
GrinnnNBarrett,12,530
FranceisBakin,39,1399
Cycloptichornclown,1,66
p220,258,2972
Aumah,125,2952
The_seph_i_am,2222,6898
Rooster_Ties,1840,13726
jew_yorker,222,295
Blarglephish,321,8768
Ytoabn,20191,17778
elsparkodiablo,15534,38170
Gonzzzo,832,28340
DarthGinger,1295,7683
bustduster,5657,7209
Chucctastic,4992,2791
Hailanathema,629,299
GodKnightMoon,1187,322
mauxly,1521,166406
jellicle,206,84897
irondeepbicycle,3802,36886
Paradigm6790,78,165913
Lambchops_Legion,2255,97715
Yahspetsnaz,8425,30480
Clutter,153,38061
LvilleCards5,9135,45744
TehRoot,57653,48745
usethaforce,2415,5813
NearlyNakedNick,1,124
Bear_Manly,721,8670
heycoworker,1,618
OPDidntDeliver,16830,29768
simonphoenix,1663,14820
withoutamartyr,1264,45778
beetbear,383,4925
allthemoreforthat,3470,5936
hegemonistic,37650,25792
NoPleaseDont,160,19000
tablecontrol,1283,6893
j3utton,24,10044
Da_Penetrator,1,1394
hjjslu,117,5415
SpaceCadetJones,1,886
Deep-Field,1,540
potato1,111047,144797
Yarddogkodabear,3099,14926
Nitsua87,39,5478
lovememychem,159,747
beer_30,1392,9412
shortyfirechurning,1,240
Old_Army90,13906,54805
Kai_Daigoji,3661,40569
KaliYugaz,3950,71129
snoharm,2332,317455
punk___as,59,18659
Yosarian2,51279,91366
Fellownerd,649,1073
bioemerl,110,30251
crateguy,4,12901
uncannylizard,6380,48299
Cockdieselallthetime,4710,61491
tweakingforjesus,39,57921
CallMeDoc24,13744,13197
Manezinho,2636,2880
DragonflyRider,96,11928
ShameSpear,3553,31425
Sam_Munhi,1187,11180
honorable_doofus,611,7435
OnNom,12479,23144
Arthur_Edens,109,22232
The_Hillary_Clinton,1,-38
gmoney8869,66,33224
unkz,1091,28468
SavannaJeff,1772,59289
panda12291,5377,12510
narutouz,1,148
broKenMetrics,1,459
brodievonorchard,23,5023
TitoTheMidget,1555,47239
BongHits4AquaBuddha,41,5456
rmandraque,959,19014
willtron_,251,6160
Chemspiration,360,6672
Kronos9898,1,7957
KEM10,2284,23743
ndimoro,420,6971
shoogenboogen,304,8669
MiltonFriedom,1,924
ampillion,29,2960
Ajubbajub,1000,2357
GuavaOfAxe,1,1813
FunkMetalBass,256,17027
unboogyman,960,3117
5000calandadietcoke,1,235
vandelays,231,18408
rynomachine,112,11835
adebium,10,2794
wesswll,836,6652
privatecarnage,169,848
ronin1066,165,62745
awa64,2773,20209
Matt5327,2198,14074
fizolof,8491,11876
notbusy,24,1919
crasspy,156,3702
mario_sunny,129,4421
slam7211,91,4898
mccannta,153,5945
Polyscikosis,2037,1485
DrunkPeasant,213,219
Kzickas,1,5214
rj_1996,164,6489
garyp714,67174,118342
Hypranormal,194,5183
askinnydude,5613,56851
bassofkramer,5,658
Dan-Morris,346,3641
greatgramba,1,3411
Cutlasss,2110,13255
matts2,4684,107818
throwawayeggs,412,1837
iliveintexas,589,9117
GodOfTime,783,353
HomelessPandas,799,5739
Raiancap,4244,35154
Almost__Dead,365,3179
jpastore,98,5447
jo9008,3416,680
ultralame,1222,45704
sunfishtommy,5542,13146
maxgarzo,3412,10258
gorillaz2389,408,2234
passionlessDrone,1,4566
emperorvincentine,1153,3685
bopll,333,5652
NarrowLightbulb,781,6847
bryondouglas,307,1490
caramelfrap,233,16541
The_Keg,46,16819
JohnZoidberg1985,49,5612
X_Irradiance,56,791
FireFoxG,1797,8499
HisNameIs,543,363
Zulban,5675,34589
Vittgenstein,311,7614
gunsofbrixton,3022,3833
jelvinjs7,2249,51966
Azrael11,1702,14303
cmac2992,332,604
Mister_Kurtz,9616,12041
somanyroads,4,15282
RedErin,8313,48146
Dubax,1098,2873
mexicanmike1,1,2631
Gnometard,14,14029
drewshaver,249,2086
misyo,12452,29501
I_tinerant,21,9721
reasonably_plausible,17,13875
Gregorofthehillpeopl,29,22774
RECIPR0C1TY,5,1205
ThatGuyFromOhio,61,27430
LiberalTerryN,1,2341
Lews-Therin-Telamon,1406,59866
the_blue_wizard,36,12339
creativeocelot,999,667
sadfatlonely,614,27734
mjhmjh,1,911
blarghusmaximus,878,46841
SiNiquity,40,6644
mormotomyia,3834,33891
williamjdugger,1,2
Brettster,11317,39213
DwarvenPirate,2349,14125
HolaHelloSalutNiHao,616,3367
stDemigod,1593,13651
dumbducky,298,6218
lupinemadness,2458,4526
wekulm,1563,23533
ultimis,32,11864
ImmodestPolitician,22,1533
BUbears17,878,11374
navier_stokes,23390,16531
AlecBergHouseman,1,623
ABSOLUTELY__BASED,839,8284
scithion,4083,15743
attosama,4267,11606
tschandler71,65,1402
iongantas,1885,57644
rbohlig,49,807
I_Love_Liberty,4,2370
minno,418,103625
sodemo1864,1,377
rookieoftheyeard,1,10131
rdinsb,14,8151
ClaraOswinOswalt,1,3354
crazyex,5508,70136
sllewgh,2159,22539
Monkeyavelli,1,77374
birlik54,1669,13906
Xdeser2,411,29950
pokll,268,23355
peppermint-kiss,333,11797
Mongopwn,294,3574
nosnivel,590,3462
presidentparrot,210,21791
Lord_Bubbington,1085,3433
TiberiCorneli,472,91004
sje46,9986,240936
alldownbows,1,7
buckybone,2068,22307
_watching,595,78730
xdeific,5023,6969
HelmedHorror,971,4634
Link3265,6265,13857
UncleShagworthy,127,1161
nogare318,4508,1652
fungiside,8654,10294
Divio42,1,3103
snacksinhats,71,3218
WeAreAllApes,140,7153
Remmib,993,30645
coloradobro,280,7496
pudgypenguin22,8,10736
ghostfox1_gfaqs,892,64298
offbeatchicken,19,7174
CQME,2281,6180
jules0072,513,4086
antichristina,4645,402
bumbelshirts,1441,375
God_Emperor_of_Dune,3,3970
falconear,2291,31528
ThreeHolePunch,1294,39363
decatur8r,2959,10637
LastMileHome,3278,2006
kellymoe321,85,13855
McWaddle,634,52189
gnovos,4135,69579
G-0-0,1,61
McSchwartz,511,10436
atleast5letters,1792,10998
LeeWilkesHinckley,1,926
Wildfire9,10038,12342
HELLOTHISISSPACESHIP,1,0
guntario,2740,2805
feel-the-bern,1,42
Loco970,125,3938
way2lazy2care,82,68401
smartwaffle,186,3568
money_run_things,135,3489
AgentElman,302,14830
nolan1971,1490,21311
Blackwidow20,36,5261
BryGuyYup,1,5428
turtlefucker472,3158,5838
hardman52,5896,32471
AgentMullWork,546,14606
I_See_Wrong_People,2472,6837
Northwest-IPA,1,299
Badgerisbest,2982,48967
Honky_Cat,3449,6813
harsesus,10566,23813
siberian,275,6177
Nocturnal_submission,6550,7165
Mimshot,4056,18553
Long_dan,150,10838
NYCMiddleMan,2632,11767
jtazzk,1,114
jaasx,320,13767
bottiglie,630,28603
FallingSnowAngel,1386,116066
tenderbranson301,2850,118858
Occamslaser,3387,55965
frostycakes,1408,5106
kylco,422,14790
let_them_eat_slogans,59752,35801
chuckish,248,2317
Robotuba,9,7103
Katzeye,4229,12925
MMonReddit,367,9680
RamblingWrecker,7,1666
mrmoustache8765,9062,10886
curtainsoftime,1,1145
Classically_Liberal2,855,5115
Seakawn,538,40279
eloquentboot,57,4461
Reidmill,2317,1887
dfs1122212212,1,4
CapitalismIsGood,1135,4880
tpolks,1195,554
secondsbest,94,11440
ColdPhaedrus,68,1219
rottenx51,2690,2023
watchitbub,118,22158
gauderio,3124,1262
bloodfoxtrue,355,2187
RubiksSugarCube,4191,16793
lpn-nl,1,119
bookerevan,109,7675
grothendieckchic,1,204
uhh_idk,1,17
TypicalUser1,1,5
BoilerBeeler,1373,1319
DoctorDrakin,474,2434
nekurashinen,359,5694
LDM123,1241,13209
bidaum92,1,32
honeybadgerIV,27,35
imrightandyoutknowit,1,2008
BryanWheelock,1,105
carter1984,1122,2736
khlumps,1,5
Mymobileacct12,1,739
FlounderBasket,6029,9390
sillyhatday,1041,13903
belvebeer,4,6073
SanDiegoDude,4641,39104
Kross_B,240,1221
cjdeist92,419,5877
MrPoletski,1457,38301
dragnabbit,2446,11182
jackfinch,135,1806
DevonWeeks,760,21440
TypicalLibertarian,47,8545
smileybird,9152,4522
Left_of_Center2011,761,6838
Piovertau,169,4214
bigfootplays,13661,49900
Zep_Rocko,2466,40450
waterbluesky,37,2922
UKIPcampaignteam,31,-8
spdk187,9140,2365
Plowbeast,44349,64675
Lelorinel,90,2017
progressiveperson,45,1463
woodrobin,129,7277
stuckmeformypaper,71,5853
ZebZ,30837,99251
HeloRising,3647,38407
uncreative_,159,2042
flutterfly28,5241,5462
agoody117,1954,1926
AHSfav,149,12221
GTFErinyes,17030,29434
forthewar,1457,24645
Going2FastMPH,1336,1250
JPAIN7,553,1370
Cenethle,11,1720
SinatraJr76,1323,516
obeetwo2,1282,3182
Diggy-Dog,85,863
JGand72,1773,27538
DeadMonkey321,2267,18636
Entropius,2418,35367
strathmeyer,31,17005
syncopator,1520,8126
wingsnut25,1,5315
Big_sumo,1,321
WeimarRepublic,299,5643
avatoin,224,15855
solidh2o,20,577
I_really_like_Cheese,76,2940
Skalforus,131,1248
PvtJet07,434,3356
senyor_brownbear,10,15034
PoliticsIsBroken,1,16
thefloyd,111,19458
pierdonia,15837,16047
dingodego,1310,8292
Diddlemesilly,1,71
Dynosmite,1912,14973
hlpe,389,18693
Castor1234,1404,20497
Lyxh,893,15831
Beammeupsnotty,159,2111
larlin289,1043,5169
anarchism4thewin,188,2092
MustacheBattle,1692,302
Haggy999,755,34868
Jenocular,1,953
teachbirds2fly,1172,28147
sulanebouxii,1,1106
chamaelleon,117,4172
StewieNZ,1,9334
rawkz,1,608
Groovychick1978,24,4301
workingbarbie,28,9264
wemptronics,1446,9344
bag-o-tricks,336,43248
joe_navark,243,15780
Doctor_Worm,1147,10301
Teachtaire,363,695
Fritz_Ortman,279,695
GammaGlobulin,3282,7365
vanquish421,5407,55766
hahhwhat,270,1919
BeartrapSandwich,2457,19791
SentrySappinMahSpy,159,12362
kebababab,40,1551
TomQuicknutt,511,5618
fgsgeneg,1,19379
BeardedDenim,8,258
spoofdaddy,295,419
moleratical,103,31844
TheSonofLiberty,26,9030
nightstryker,326,7810
EmeraldIbis,1,1445
throwayasos,1,5
CivisAmericanusSum,1,420
HeyZeusCreaseToast,373,6984
tenthreeleader,300,5039
fletcherkildren,1059,4934
foolmanchoo,1261,2462
berberine,15420,10686
Angel3,1492,7222
lv89,1,52
soitcause,159,6064
CantBeChangedLater,1,6549
bigger_than_jesus,2318,3108
zerow6789,501,5559
adambakkam,2413,1863
Reptilian_Overlords,19191,18264
DescartesTheater,1894,2143
Humpsta,10,592
Zorthianator,30978,53348
SovietRaptor,8462,28101
wiithepiiple,1604,72477
JeterWood,681,9820
hitbyacar1,1236,21694
carlucill,301,12978
ivetakenadickortwo,1,245
ConservativeMarxist,23,665
bjos144,314,44985
djm19,443,26988
eric4186,1342,2477
necrambo,855,35317
seaburn,33183,52034
naryn,2867,99757
ThatRedEyeAlien,12262,24209
Rtat,420,6312
themooster32,1,441
tinlizzey12,49,4706
thelasian1234,1,1635
falconpunch7,12,2155
CUDawg30,1,2152
ThreeCranes,557,54177
networkzen-II,100,969
Thissite1s,1,382
ASK-IF-I-AM-PAULRUDD,22399,18267
thatnameagain,5,33149
DarkJedi1221,43,143
SuxNews,1,280
EchelonHD,27,4179
boker49,101,1117
ollokot,300,15411
Enlightenment777,31343,32141
YankeeBlues21,1,66
jctennis123,6781,4919
squirtingispeeing,317,270
CaptainEarlobe,62,11951
bit99,168,10277
JustARandomDude17,1,297
PubliusPontifex,44,33091
heynewguy,3,1008
Elir,190,2787
CarolinaPunk,79144,24542
DrunkFern,3,2765
DannyOakley,1,95
Kamaria,7086,32843
rstcp,381,6692
XplodingForce,1,565
jjf,1,753
Elliptical_Tangent,5497,30403
mcemma,9,182
carryfire,87,600
NCAA-Investigations,1,617
DeafandMutePenguin,2625,10298
ilovetoeatpie,10526,3535
peaprotein,43,1541
various_failures,2626,1465
Turbo_Tacos,6582,3668
ammonthenephite,3642,9138
JustinATaylor,1,32829
Porridgeandpeas,2,4654
Freckled_daywalker,279,3040
Fuckn_hipsters,1,2721
GEAUXUL,7912,24835
s_heap,620,1471
SilentWalrus92,60432,29156
Bongfu,1657,7665
frid,1110,38372
harsh_springboard,1,824
MattD420,1544,1241
punninglinguist,4329,107736
speak27,4234,13820
Zephyr256k,295,11114
guccimane12345,1,952
r_a_g_s,2942,36126
auronoch,1,316
me_here,11,1254
ActuelRoiDeFrance,123,272
Trubble,25,117
d_c_d_,7567,7346
Honest_Discussion,1,675
maflickner,2228,15340
Preaddly,1,569
WCC335,515,49431
hellomondays,2047,7475
SavageSquirrel,574,9447
metachronos,185,5046
jonathon087,26,578
_DEAL_WITH_IT_,25140,53970
ARumHam,257,1301
rfinger1337,1,15704
Chamilionaire,131,4524
kanklesonmybreath,51,3911
President-Jeb-Bush,16,10007
arjun10,52557,36849
proROKexpat,2380,50361
ThereIsReallyNoPun,112,12110
NOVUS_ORDO,22,1673
HStark,905,21624
Seattlelite84,39,1255
chessmaster9000,61,1254
ctindel,423,54863
Cassaroll168,6766,6196
wadamday,2087,4520
canamrock,46,14928
Ghost4000,1112,22351
R_V_Z,1,6504
jefftickels,1373,11726
safety_jam,9968,23481
jameygates,1,723
Pandemic21,119,1992
N34TXS-BM,1,3329
allboolshite,45,7333
Dan_Michniewicz,9,275
JustRuss79,5261,22251
warmwaterpenguin,6591,5596
Debageldond,311,16759
flavorraven,827,5684
Ihatebaylor,1,127
gprime,6166,29325
saffir,14670,42680
Neopergoss,30,893
SardonicAndroid,119,8462
Aureliamnissan,1,4617
Taervon,9,16102
Perfect_Society,1,143
pikk,8706,61158
proObama,1439,1823
singingbatman27,134,3898
Nero_,1,5165
EquatiusGlacierstein,99,11553
qi1,14178,8297
travelling_anth,3464,5030
LtCthulhu,5605,36111
FLSun,19,21136
perrycarter,1493,1962
Political_Throwawayz,35,808
DeSoulis,31,22438
Felinomancy,1,58922
Swolemageddonfour,1,968
molotoviphone,1593,4094
Nowhrmn,10,8063
theapocalypseisyou,28,299
BuckminsterJones,8624,64567
Question_Zeitgeist,1,94
Synux,2832,38658
laibusahi,625,12
lobster_conspiracy,91,11728
TrailerSwift,45,4942
ccampb32,7,1654
bfwilley,113,1264
Odnyc,291,2625
brianbeze,1,9075
ShimmerScroll,145,4953
berlinbrown,4606,22993
bhensley86,136,16
monsterbate,644,8770
truss84,1,151
itsmikeo,2586,3468
TheHellUSay,1,992
pauljordan92,261,5309
Hes_Spartacus,11,277
zDougie,3,526
jorio,53027,16146
xiipaoc,82,38530
rplogue7,1,-4
EthicalReasoning,466104,103730
matt_dot_txt,1,771
tquill,609,2007
werthecrystalgeminis,1,0
Propsat,1,63
SomeAsianGuy00,1,1521
YRuafraid,16,5657
GTS250,771,8348
Mason11987,4064,84939
auralgasm,648,26873
DumbScribblyUnctious,96,521
Anirak,4759,26656
bartink,590,62381
nimbusnacho,1912,20426
Serinus,1563,32957
atchemey,3299,53548
Overgoats,16090,88516
sunthas,3523,23111
rubbar,152,3742
plausibleD,11259,2488
PC_LOAD_LETTER_,509,5080
PhillAholic,331,31864
salliek76,143,28554
colon_bowel,234,6584
R3miel7,1399,2648
walterhpdx,10133,11637
O-Shag-Hennessy,19,7493
muirmoffatt,738,4277
Buddydedum,910,894
rayshipley,1,6
Starbuckrogers,140,2440
prinzplagueorange,1,145
NOAHA202,469,12098
EatHumans,936,3870
ThcLoserGuy,117,743
Miskellaneousness,12760,4612
frugalNOTcheap,68,38522
New_User_4,544,9887
OmniPhobic,1,423
Mend1cant,1,75
Indricus,1,2055
LeftysRule22,463,915
AbsoluteRubbish,12,11164
mCopps,36,2894
Earl_Harbinger,1,283
dfriddy,1,512
smokeybehr,672,21817
pylori,8111,46965
wiseoldfox,86,268
TexasWithADollarsign,3804,73348
nickl220,14085,29182
ScorpionDerp,2296,5652
limbodog,12986,167464
Unikraken,28238,43678
abk006,177,12293
NoToMistreatment,1441,371
0JSampson,1719,1956
NascentEcho,2465,13830
Toptomcat,648,40891
dl__,38,3034
spacerace,2,859
dk1244973,294,4840
Bipedal_Horse,1,525
DartKietanmartaru,175,443
theholyroller,6418,12349
GymIn26Minutes,37,36772
ThatOneGuy4,391,3701
StudentofDuckworth,19,9744
ironpete,55,1895
LeChuckly,813,3743
elizabeth90125,1,922
DukeSilver810,39,1235
KabIoski,756,13970
NOTORlOUSD,153,7154
AuthorizedWayne,1,822
smokenvelvetx,56,361
BKGPrints,147,12196
TheCountryofUganda,1,8
lifeisgood25,3674,755
lightmonkey,59,24643
ThenWhyPost,1,1
ragmondead,135,2306
mastawingman,30,3579
nancyfuqindrew,1,8296
hooah212002,395,64276
jkh107,68,12228
nyomythe,714,4475
dsfox,3476,32944
jamesbondindrno,667,1806
iceblademan,856,14220
alcoholic_father,1,-83
My_Game_Account,4131,4769
Elrond_the_Ent,3010,3813
dubalubdub,3372,17288
Roger_Mexico_,693,3708
GhostofRFS,3933,32395
Chubbybrownbear,1095,2358
schoocher,4477,43741
TheDildoWarrior,1,1114
houndofbaskerville,18431,30242
sweetgreggo,10664,50989
The_Town_,87,8467
fracto73,41,19923
fantasyfest,1,137032
mrnorth04,1,1185
throwawayaway212345,1,-31
Torquemahda,768,2288
WHYISEVERYONEFAT,89,1596
CommodorePiri,11541,4822
Droguelike,31,9048
yo2sense,156,1359
oldie101,2198,21484
TheGreatWolfy,111,2156
Redtube_Guy,4520,75324
stan13ag,11,290
Haster,67,5820
specialkallday,137,1352
BagOnuts,5756,53014
commenter1127,1,44
lollersauce914,1,23317
pleasure2kill,4431,10663
m0ddem,27,5178
Einsteinsmooostache,1,627
SubtleObserver,38,1353
bizniss_time,24,150
ticklemythigh,443,5462
Lorkes34,1,572
President_DonTrump,1,3
ShouldBe_Working,428,29111
Dwychwder,4450,74377
Memetic1,895,4520
morebeansplease,171,2167
RemindMeBot,67,55753
TLEEtheTREE,3,33
ItsAlivee,1,-65
Klar_the_Magnificent,1,1165
DiscoConspiracy,82,344
Zetesofos,156,3598
2398423948234,1,117
richmomz,8112,131926
johnr83,1,4691
Fozzz,16,519
TinBurner,1,887
HoliHandGrenades,125,2443
0sigma,3321,41597
sounddude,1425,9186
dyggur,4,61
Drayzen,56,14857
JoseGoebbels,1,-67
baeb66,3657,37341
pursehook,39,4521
ScannerBrightly,1741,51201
ariverboatgambler,1,2161
UPGRAYEDD_2,1,5002
silverhythm,258,11271
321done,2003,5148
GtEnko,111,14965
letphilsing,93,17744
Gstreetshit,141,6643
W_Edwards_Deming,13676,14915
Fuzzyphilosopher,6727,27170
oddmanout,3598,144248
Drunky_Brewster,10809,17357
-_Upgrayedd_-,1,138
gaviidae,4575,58447
DoorFrame,19839,13328
covington,434,7424
nihilion_Zero,3520,14135
PerfectGentleman,3975,9126
doingthemost,572,5851
Scottrix,7617,16453
kjvlv,9231,5807
chowderbags,291,35419
HiHorror,21,11565
nirad,121669,47515
shakemyspeare,1,325
OklaJosha,186,10305
kwantsu-dudes,519,1737
PeterGibbons2,220,11173
frewfrew,38,1505
dadofseven,1,395
wiking85,32,14827
terminator3456,1,18312
GirthBrooks,285,34685
dfgsdfg2,1,1
foolfools,1,-57
TheStryfe,26,35
PeterGibbons316,7,3055
BeatArmy99,279,32025
thechaserx,13,10474
8llllllllllllD----,3849,4175
I_NEED_A_GF,1,189
Thatguywhothrowsshit,1,120
Axdek,1,88
puppyplz,3,516
TrevoneBoykin,1,437
Aceofshovels,3118,7129
fixingthepast,28,3491
het_het,1,52
my_own_creation,6,1003
mcapello,1,5573
torpid_tapir,1,340
Saffuran,1507,4204
chinese_farmer,122,116
gregbard,4818,9097
biznatch11,715,78510
tn18947,1392,1992
brianwantsblood,651,2498
shady_mcgee,5990,21285
YankeeQuebec,18963,63522
GuyAboveIsStupid,548,13546
sickbeard2,9,6656
HrunknerUnnerby,752,1042
zeperf,3768,10615
Lolomelon,285,2661
PyreDruid,16,66395
ben02211986,246,1644
Kingsley-Zissou,388,3828
JewyLewis,2760,7513
trekman3,2,793
pawnbrojoe,3313,2330
jtniggle,11,472
kissbang23,91,767
katilakoski,46,2974
Englishly,9257,12334
DontBeMoronic,1618,5994
tacoman359,12,7334
toastymow,884,54100
feyrband,59,40461
philly4678,74,209
chao06,2156,14239
JustVern,1,16042
Shelton512,118,2914
chiry23,420,26251
Storm_Sire,27,2768
BobSmash,1,3111
Njordsier,1,95
braised_diaper_shit,3671,57051
ncal26,1,2536
ERMA_FERCK,1,-2
DmDvT,32,1513
seriousbusinessdude,7,577
Walmartsavings2,1,459
caribou16,502,15673
KingdomofNorthKorea,1,153
BlueJoshi,202,47027
johnnyfog,1,2200
bradfromearth,364,747
itsmuddy,819,89668
Information_Landmine,245,5997
enrac,953,4332
mrslouchypants,1,1897
nobody25864,9164,18175
zschultz,45,41
seycyrus,42,4209
csbingel,291,1743
vha23,1,3474
southernliberal,354,8477
preposterone123,9825,5572
coupdespace,217441,9195
derektherock43,224,3508
pollitick,1,-3
PensiveRhino,1,27
shanmustafa,59,6394
glashgkullthethird,765,2095
Oracle_Fefe,25,65
good_,1,104
FrogMasta25,1,249
JumpToDie,1,5
Tricericon,13,5813
hzane,767,5038
Iamien,3268,25454
Yumm_Yumm_the_Man,25,1263
PacificIshmael,365,623
kormer,933,16800
morechatter,30,4414
alecbenzer,1259,16153
illuminutcase,258,54828
aldernon,445,11891
thehollowman84,625,101534
sidroast,1,1390
Professor_Jake,1,396
Phobophilic,124,1700
liberal_texan,14602,95312
jwil191,2026,31302
jmdoll,1012,1622
TracyMorganFreeman,1158,149322
Deadeye00,1,3633
queenlizsbeefcurtain,2215,1291
sordfysh,38,10208
plutonianknight,71,1294
titanf,1122,212
marbec,1,1020
mokomothman,38,150
cameraman502,2232,1293
ten_thousand_puppies,7775,25391
TearsofaPhoenix,255,2859
hngysh,1453,3958
Hamlet7768,2718,66727
MorningLtMtn,8331,35631
nmgsyps,1,2322
ElLibroGrande,1,622
omfgwallhax,23,959
UncleSneakyFingers,3302,67826
lucasorion,1,2750
laivindil,2511,17068
urbanreason,22,931
threeb_1973,482,596
FeedMeUtz,1,992
CrapNeck5000,765,53119
avariciousPUMPKIN,1,1944
Oldschool1964,577,4273
roboticphish,3335,16128
Kerbologna,453,17130
guccibento,1,1030
FreedomsPower,183221,18219
political,20150,12037
bunnylover726,13165,16662
wial,580,11074
handydandydoo,578,3062
thabonedoctor,29,6422
JonWood007,6997,52963
sean_incali,376,45892
derekadams32,1,464
NewWahoo,24,589
DYMAXIONman,75,2908
Faps2Down_Votes,1084,988
Mr_Subtlety,5751,27040
Interestedpartygoer,1,7678
Insane_Koala,32,1596
Colorado222,940,10733
dwalsh15,95,4020
NothingCrazy,7399,18890
ttoasty,79,8346
Fofolito,837,20044
glbrown4,65,550
snstrsnctyslckr,349,10691
GeneraLeeStoned,1598,22179
vanillice,8,580
Fratrick_Swayze,3785,4311
Khaze,805,23618
ClimateMom,2131,14323
BrandonZ0Rz,2388,1220
MuscleAndAShovel,319,11618
keeponchoolgin,96,4424
QraQen,1,6628
frogelixir,5455,2623
FN_Freedom,49,1430
Waylander0719,407,7902
nomadbishop,372,71478
MrFrode,770,12792
neveroddoreven,2798,7001
__Archipelago,33,2153
HealthcareEconomist3,1771,14944
HarbingerDe,17,4217
Quantum_Ibis,1,749
rastel,42,465
MysticSnowman,3927,1094
ForeignPolicyHawk,1,1866
fernando-poo,3992,18058
Irrumatus,16,6464
glberns,6523,21844
slccsoccer28,3343,16746
dr3d,358,10316
CalRipkenForCommish,180,9131
BartWellingtonson,2428,10001
Brownbacked,5145,584
JordanLeDoux,5459,28004
slyweazal,59390,14029
YaDunGoofed,494,20197
xole,12,15357
dbcfd,16,3203
Omen12,1,677
ejohnse,468,3487
Pharmtekbobby,3185,4954
commenter1126,1,297
BrazilianRider,14946,37029
POHoudini,59,2209
ftball21,253,3092
4mg1n3,1,154
Kersplit,12048,9176
nighthawk_md,1,3530
taksark,1557,18513
Tasty_Yams,7956,69158
Hazzardevil,2054,5896
Miotoss,9403,2115
Mjolnir2000,1,3537
dbr255,1491,10251
bdfull3r,2039,10809
henny_mac,711,1036
ljsmc1181,1,481
ThatOneTallKid,1069,3161
Fatt_Rascal,575,1935
jmottram08,87,37849
ChewyLouis,8680,3110
internerd91,770,4510
NWCheeseHead,6,3340
cornelius2008,2354,6697
tehsbe,2389,8798
numberonedemocrat,23,3251
SWaspMale,645,14645
politics13,1,0
xkcd_transcriber,1,190599
TheChange1,1,870
NewEnglanda143,77,4717
jetboyterp,5078,9962
xtremepado,365,6719
Eternally65,8338,104315
AssCalloway,1,630
EuroYankee,377,14
Blazicus,36,1671
TheNerdyNegro,21307,5783
sihtydaernacuoytihsy,3137,25071
SinisterMinisterX,1,6797
cjf4,747,3978
TheDefinition,2066,20767
zombiesingularity,16921,29557
Russki75,45,29118
Madeforuou,1,51
Cold-Hotman,668,2222
NickUnrelatedToPost,58,400
Sir_Green_Britches,1,1983
kyew,182,66323
Dugen,774,24573
shot_glass,1,24338
liquidfan,347,8105
mdphdthr0waway,70,4572
Queso_Fresco,1,309
SolidStart,1,2909
david0216,1,187
gonzoforpresident,12,9858
terriblemothra,6009,10646
glennw56401,513,5364
dsws2,11,1858
Freeman001,12621,84760
hypotyposis,136,10897
Louisthefuckenlawyer,1,6999
slapdashbr,118,181673
man_made_explosion,1,1103
Gammit10,1,1622
TheHedgeHogOfSonic,6,18
masgrada,301,41862
YupNope66,1,1276
Repyl,832,1392
barto5,27,19893
traveler19395,8,707
passwordgoeshere,367,6224
Blipblipblipblipskip,268,1743
Deep-Thought,1000,56232
gossiemar,17,47
FuturePrimitive,1364,8805
redpill80,100,620
no-soy-de-escocia,15284,3473
MAGwastheSHIT,34,1215
SirPounceTheThird,51,2326
yungpianist,405,20360
TerryCruzLeftPec,1133,10824
Iamabioticgod,1077,14421
Iustis,131,4642
Dennis_Wangley,226,435
ridersderohan,115,18460
deal_with_it_,1280,2938
wbmccl,2090,5823
dance_priorities,1,36
ScoobiusMaximus,1,3704
EddieGottlieb,130,-37
No_Fence,8190,33076
TheBadWolf,1,19922
ChronaMewX,1181,33955
smithcm14,184,275
aw132,1,44
1337Lulz,339,13797
kgwv,1,52
Futurist110,19407,1407
RedditDevil2,1,10
Kelsig,10852,56366
woolulu,1,88
nachotits,1,184
StudyingTerrorism,1,657
BobTagab,481,4685
El_Dragon_,284,65
Nix_K,90,0
Wikitrollfaceman,1268,7020
Dark-Ulfberht,222,15159
siredgar,1,1130
latigidigital,15,3406
i_lack_imagination,43,13451
thegreyquincy,9951,31965
foilfenceru,1,1607
Msshadow,1,7543
NotFuzz,1010,15130
-WPD-,7328,7793
jalsanathan,293,348
mahm,332,3807
shinyskarmory,62,734
AwkwardBurritoChick,5696,11368
Red_Plato,1,77
Galaxy_Ranger_Bob,338,2257
lithobolos,2120,4875
ashstronge,17,558
frozengold83,451,901
karmapuhlease,666,52989
JW_2,3321,839
Dollarocracy,15870,4767
brucejoel99,1698,3044
runaway_truck,726,358
Bannakaffalatta1,881,24219
TOXRA,25,13049
lakalia,1,14
jupiterkansas,738,29849
BiblioPhil,1614,35793
poetetc1,1,11863
QuestionC,1367,10150
Lacer_Lis,1,1967
Phiarmage,2027,6749
noprotein,437,23463
mconeone,970,13632
Jojoweiner,3,650
TheCeilingisGreen,861,8740
rosquo2810,562,4519
randomfemale,7070,9957
jcooli09,45,11882
razzeldazle,226,6439
bigjim212,54,590
Cassus_Caritas,1,351
Yearly89,1,68
twersx,558,36290
Misanthropicposter,1,10085
norahceh,215,5540
U2_is_gay,1216,61313
TwelfthCycle,1,1291
gronkkk,2218,13739
Insensitively_Blunt,37,7024
revee,295,7395
ChrisDGates3113,1,-43
johnnydaggers,1,2954
icon0clast6,1744,14102
mridlen,1247,9788
tatoropotamus,286,709
remierk,51,20861
Thorbjorn_DWR,716,1985
blakeguthrie,47,1756
Malcolmthrowaway,1,10333
GeoStarRunner,2074,9305
themightymekon,11712,9829
HonorAmongSteves,1656,36943
CesarioKart,21,1805
LetsBlameYourMother,1,5643
LiteraryPandaman,35,5232
sasuke5a31at,72,292
Valerion,730,3061
Grenshen4px,5175,50366
12broombroom,16,1196
Asturias2789,13,6395
nicmos,9809,16759
RareLuck,274,3344
nickmyersbass,1,45
TheKillersVanilla,9,8230
Qwerksss,37,642
timalexander,125,1021
skylar__,127,5766
yourMOMraisedaMORON,1,1
Nanotchka,1,3063
IBitchSLAPYourASS,625,11341
sobermonkey,8784,32038
TelescopeFeed,1065,-41
dlom,1,37
wyman856,5722,4007
dblcross121,1780,8022
Hevil,136,1274
escalation,179,12451
AmericanSk3ptic,995,9008
Frank_Drebin,65,1701
HammeredDog,1161,5555
teh_maxh,3474,26759
bnuts77,274,6265
IrwinMFletcher,431,342
Ysance,355,3875
Barefoot_Raphsode,1,1856
shadow776,1,26072
THETEH,117,18547
Dracomarine,702,4964
iuseoxyclean,795,2159
Captain_Unremarkable,65638,118876
mm907,64,1130
twimo_lap,1,232
aphitt,2756,7489
timmytucker,10056,7522
KarmaKamaChameleon,1,48
EqualOrLessThan2,513,3804
Margravos,3071,15471
JQuilty,1803,43289
TAOW,41,10473
johnfredmay,142,386
trompiston,575,3852
sctilley,85,6241
doormatt26,112,27947
nihilxnihilo,1,544
admiralkit,1243,21869
Wargazm,5154,60764
Olyvyr,1760,25447
Valisk,120,22552
qwnp,14,24682
gnorrn,832,41279
Incepticons,522,16936
YellowSharkMT,7023,11014
King_Stannis,169,1980
123456789-0,300,2132
AnnaKarenina7423,12579,9649
FuriousGeorge06,16,6929
sweetwattah,5151,74896
Obvious0ne,1178,33147
gwarster,27722,36930
nelson1tom,4419,3916
zombiepirate,208,3647
TheJuBe,719,637
renaldomoon,275,21386
LareTheBear,966,3128
Elryc35,789,49865
BaconWrappedPanda,113,677
adescuentechable,8876,6815
compute_,1246,5080
Altoid_Addict,1587,9735
twim19,37,5627
Sampsonite_Way_Off,1,2638
noelsusman,1756,50567
brutalhonesty45,1,17615
son_of_bokonon,5161,2469
throwaway5272,6037,7243
Unrepentant_Priapist,1,15214
theghostecho,6297,8666
aaaalllfred,31,2211
mortalkombat1138,1,125
mg00,1,275
aspres21,1,99
blah_kesto,79,827
277375400,1,966
lifeiskuso,81,159
zen_mutiny,1,6423
KhanneaSuntzu,1365,12611
Battlesnake5,1,1248
Loocylooo,4362,10993
soxy,5006,21186
KeyzerSozee,6288,25060
gafftapes10,369,14821
sudosandwich3,483,13849
justinleeewells,68,181
Girevik_in_Texas,153,11075
Teialiel,1,3081
Carthradge,18,16852
FormlessCarrot,957,1986
biocomputer,4,2070
progliberal,1,-3
notkristof,113,5997
skymeson,1105,1239
SovietSteve,16497,14202
MCRemix,1,2405
VoxGens,3766,4292
olcrazypete,1293,2179
hodd01,1,238
amnes1ac,1,4379
Juan_de_Mariana,1,45
BrianW1999,510,2367
zimm0who0net,142,21943
cookiemonster1020,154,1434
BelindaBerry,836,778
Hormisdas,5660,6340
fuckingidiotjunky,4114,1501
Columbiano,202,2358
TheMentatBashar,824,2666
I_Hate_Nerds,1183,27928
freef,3010,2224
Flyers7475,1,256
MWwarhawks,104,1173
Palidane7,1,1361
Flying-Dodo,50,13959
zeus_is_back,1,14347
ActualSpiders,150,7946
oshout,2847,13543
TheAerofan,2496,6492
ninekilnmegalith,7055,13464
Mdayofearth,1,3221
Zer0_Karma,159,3833
Kind_Of_A_Dick,187,109595
Spaser,112,7487
chrispdx,16287,72932
Hadly,3292,3813
initialgold,81,21173
feathergnomes,170,2950
merdock379,269,37333
NoFunRob,28,3634
OpiatedDickfuzz,2142,7005
excalq,1560,3435
FightsWithMillipedes,34,2044
W0LF_JK,748,2099
I-HATE-REDDITORS,1186,16852
creamsoda139,250,4606
kerrickter13,534,8772
iiiiiiiiiiii,16152,5035
Leaves_Swype_Typos,115,23639
xiefeilaga,3237,22355
MikeTheInfidel,5640,52955
carphanatik,27,1624
countrykev,11245,36992
nimbyest,1,85
earthxmaker,1,2599
bamgrinus,5841,26092
mike_b_nimble,43,18994
lichorat,2529,20431
iiAzido,2434,24229
I_EATS_WEED,24,16
Thowed_Rolls,2,728
1millionbucks,11977,120156
ripcitybitch,14603,9190
Lochleon,2474,9266
jedify,261,18018
redditor77492,3828,8564
sailorbrendan,711,50382
wikipediareader,299,10418
ender1944,11,647
jakizely,2430,8385
Narian,878,24543
newguyeverytime,629,4365
Ed_Finnerty,143,6940
TheOneTrueMagnet,1,622
derrick81787,749,29256
the_dog1,1,6622
taylor_a_b,1,19
JLake4,3,5312
azuresou1,101,12963
Tarmaque,117,3997
frosty67,1563,1186
Gorgonaut666,851,10452
BurningWithSanders,1,549
ccnofeednog,1,95
mjj1492,349,25931
MomochiKing,1,1157
dude1701,1,674
birdsforfree,171,6507
leamas666,2696,18204
unkorrupted,979,25512
air0125,341,3402
EpicRedditor34,358,5425
UmmahSultan,607,32515
ruptured_pomposity,68,7750
EducationBudget,92,3871
Ben_Afflock,1,11974
BrosephSingh,648,5074
EtherealDreamer,26,2284
ItsTimToBegin,2159,3746
guykazama,56,34
arbivark,19158,41219
Sion4000,4014,2283
Baratheon_Economist,409,2118
NtheLegend,3207,5662
CutOffUrJohnson,101,1728
saqar1,74,926
MRAs_suck,44,3120
atropos2012,55,2974
jferry,1,145
PM_ME_YOUR_DARKNESS,38,2979
backpackwayne,113884,171561
GingerDomination11,1,3935
maharito,50,45126
sutwilso,3472,1255
ddo916,210,1684
Sautygera,13,97
aydoaris,334,3258
AsyluMTheGreat,19,286
halfpakihalfmexi,3582,9732
DoforReal,193,1839
ryeinn,1266,8841
MichaelMcDonald628,2,86
nim_chimsky,25,276
vellyr,1010,15927
MrDysdiadochokinesia,2792,1198
ICantMeltSteeLBeamz,6,901
kilgore_trout87,4984,7953
shanedoth,1385,77516
TheUglyStik,1,245
GZeus24,79,2560
EPOSZ,326,21881
dragonicus,10,559
DF7,2451,12399
cougar618,60,4947
0913752864,392,444
RojoSangre,352,984
heywire84,1,2451
amartz,6032,22207
hallam81,1,137
TheLawMerchant,1,17
cjt09,820,53187
MrFidel,3918,19436
radkat,253,1450
mehereman,901,3037
failtolaunch28,233,4003
chipbod,1504,1976
grammanarchy,1,3788
BATHULK,4443,9020
AngelusMortis729,1,123
CVN72,114,8091
UserNamesCantBeTooLo,77,5141
zonfired,1,4
admadsinbad,582,218
Elder_Yautja,1,3119
metatron207,278,6346
Asrivak,1,2071
kratomking88,1,731
Staffatwork,4007,9505
GameboyPATH,18,13143
jstock23,552,7330
Canuck_dude,89,127
walkthisway34,72,4836
jetpackswasyes,84281,20938
Rogue2,196,535
s-c,20,1729
BaronWombat,955,9735
Orwelian84,186,1097
Silent331,3641,15850
Yanns,5649,29720
HippeHoppe,265,6403
frankeny,1,493
ImAnIdeaMan,6055,2329
filosophikal,16,536
elshizzo,22510,95801
wellyesofcourse,11505,25448
mfranko88,359,14680
BaylorYou,2507,30495
watchmeplay63,44,2394
Duke_of_Moral_Hazard,1998,2014
cantquitreddit,1406,17103
savemebarrry,392,2436
twoweektrial,49,3558
selfabortion,25673,94355
Dr_Schaden_Freude,531,2549
tgjer,4524,63363
j0hnGa1t,1,17
st0nedeye,6,2313
bickman2k,1276,9365
PoliticalMadman,19,20476
righthandoftyr,3,19162
inthedarkbluelight,1,1497
glidingclyde,281,5797
420-THC,6489,2973
poprop03,63,25469
shadowenx,3850,8284
killerbrand,2,504
RuMcG,283,1317
the_whalerus,62,2036
RydSeek77,1,1
CG121,1,315
Canadian_Infidel,2217,107418
lightfive,1363,13939
kulturkampf,141,586
cdstephens,2931,53657
Handsomejack94,1,8032
sirhalos,1,68
BeefSupreme24,19,3997
taylorfly,1,813
891741894791874,1,15
iamelben,5211,16196
DublinBen,11247,66577
ComradeConrad88,329,278
FlamingRomo,50,945
Ricky81682,644,4336
99drumdude,15717,31157
sheeple666,34,928
daylily,3330,5120
pressingSHIFT,1,191
plokijuh1229,9817,26620
--__--__---____-----,1,37
kcash935,54,4105
Walter_jones,1,396
pear_tree_gifting,2422,1693
schadkehnfreude,14,6169
RandallWho,22317,8342
joshm60,7,2802
progeriababy,162,2361
fb39ca4,34290,107573
pfcanman22,1,15
IlliterateJedi,1572,16673
CaptBakardi,79,1545
Tomislav_Sunic,62,30056
Kirky0331,12490,8159
linkseyi,3725,22855
Disgruntled_Old_Trot,427,17949
stinglover777,4136,1736
AnchorDTOM,41,209
Account115,1,474
yankeesyes,11,6911
arktouros,5461,8469
brendand013,647,198
jeffp,13,5146
popus32,1,178
goggimoggi,1378,10373
fortcocks,3792,26131
smurph9876,14,4723
jermany755,360,5167
mytroc,1,2649
moxy801,4051,60922
Overlord1317,1039,26133
outtanutmeds,4400,6897
geekygirl23,1422,60813
troygates,17,470
FuckConcepts,1,88
PrimesteFericera,24,10094
wittyusernamefailed,1,4010
astrawnomore,7753,16768
controlroomoperator,1,1870
Friendly_Fire,1562,7955
Jasontheperson,5,345
mr_machine,1,2539
February32nd,902,4266
LarsP,657,18535
norembo,168,5103
made_of_idiot,28,469
joelcm13,15,200
233C,3955,5549
JohnnyBeagle,5463,72247
Its42,686,8044
force_of_law,126,76
ballandabiscuit,1,4096
Oatybar,3484,49539
rcglinsk,1267,72316
fancycheesus,55,1992
Sluuha,72,139
theotherkevin23,81,27076
bluejay89,169,2261
paintking19,163,322
Ghoti76,1,552
James_Rustler_,5206,25751
ROIB,5578,1152
Hilarious_Haplogroup,833,8444
GomezFigueroa,21,1723
iwasinmybunk,7480,3413
Fevers_and_Mirrors,578,7742
nogravityforce,1,108
rational123,1,70
Bobafetishist,65,4369
skankedout,2920,22892
toulouse420,345,5351
mattsoca,1754,5643
anotheronedown,25872,12291
LasagnaPawner,1,1838
Aristox,374,10304
Unknown_One,161,12256
FloFromProgressive,3,3170
stinky_toecutter,1,478
Libertyreign,779,18827
sosorrynoname,336,2677
westunit,144,26
Drexelhand,1,6822
autourbanbot,1,42336
MalenkiiMalchik,511,9052
master_of_deception,2297,16719
roboticrad,1241,3595
orange_jooze,2946,65245
Scaevus,1,53742
ghoul420,653,2565
Haringoth,25,4094
kit8642,41025,21947
DefinitelyNotTedCruz,70,46
allnose,121,34785
PonderousHajj,812,2676
BevansDesign,2844,48264
wherearemyfeet,286,12515
SmashBoomStomp,112,71
hdaviirus,22,787
Sleekery,4274,105085
DeletedLastAccount,143,7730
psychicsword,332,72440
throwawayingtonville,14,963
benjamoo,1,137
984519685419685321,1,2115
dtiftw,352,19768
TheLadderCoins,1984,7099
ribbitcoin,1430,4746
ragnaROCKER,154,25279
szczypka,2,6451
JF_Queeny,17211,47363
old_mold,266,5830
Piscator629,228600,56766
ThrowinStacks,4218,7385
Standupaddict,79,9341
Pseudonymical,274,1554
norablindsided,141,2781
Suminalixon,1,170
AlienwareM17x,20,418
nerdfighter123,11206,11553
CthuluandOdinareBFFs,1,335
insanemindofmine,1,566
efk,218,3234
Cap3127,148,6417
bluehands,351,18020
skelly6,1,8422
adamwho,1995,41816
Trorbes,1,8919
quaxon,29638,21071
Trosso,13052,25191
besttrousers,29986,65276
AllTheyEatIsLettuce,399,19613
whozurdaddy,1951,28386
FlyingFistsOfFury,1,6584
iaglia,1630,42545
shobb592,187,10906
pimphandofthrawn,1026,1404
CherryBoyRapRiot,1,70
Loop_Within_A_Loop,641,93346
Pastreu,403,1281
Antigonus1i,1,12110
oneeyedpenguin,1476,1787
colloquy,29097,15978
lord_dunsany,1,537
cantstandit,1,5588
Rumple_Manskin,29,6018
brainiac2025,313,11262
Illiux,318,5721
ButtersStotch88,16,2030
Nydas,3746,12095
savagemoonlight,1156,4301
calsosta,399,16353
yndihalda1,1,1545
sysiphean,2332,21152
DSchmitt,88,9868
JoeCoder,6385,14989
DirichletIndicator,1,16972
the_fewer_desires,6,7369
shartofwar,121,1191
Rhaegarion,260,11981
10923823402341239,1,47
JoeLiar,234,6347
Dire88,1391,4165
dark_roast,678,23648
SlowMotionSprint,469,4439
LickMyUrchin,985,28410
Cookie-Damage,465,357
ExcelSpreadsheets,299,1995
metallink11,391,41179
Eighty-8,1000,7732
balanceofpower,5627,36048
ravingllama,1265,3983
Delwin,27,6720
inkstee,645,852
twitchyboy,1350,1312
thetrev68,1,212
duffmanhb,4097,83761
speaktodragons,3702,15675
wisty,6018,33068
Malik_Killian,10567,7875
fastspinecho,1,2719
JustSysadminThings,21,3750
curien,274,82619
umbra_sword,24,606
imbecile,2029,35037
randomguy506,138,1192
Tazzure,3,9484
Goldwater64,41,2730
parachutewoman,7968,20951
Carlos_Danger,16,2693
TheBestNarcissist,2453,17045
existentialadvisor,1413,41112
Ostridge93,1,123
geeeeeedub,6,1367
moon-jellyfish,7202,47914
louisberg13,1,4
wooq,138,23688
superkamiokande,17676,11276
Diestormlie,261,14010
Blues88,33,1417
suburbian100,1,56
macadore,20,7460
infiniteninjas,2105,2806
Blasiansympathizer,1,157
VOZ1,39,53161
openeyes756,46,1561
dellE6500,1,3551
ull90,1525,38951
AnotherMasterMind,1310,5944
Loveflu,4,268
MRMiller96,41,22201
thorfish,91,17
0729370220937022,38,973
BDB_JCD,46123,34448
BloodQueef_McOral,202,329006
suijuricide,1,587
EzzeJenkins,1130,17489
MacManji,277,2294
Im_on_an_upboat,396,5836
GovernorOfReddit,460,933
zusamenentegen,833,18245
guanopie,1,1136
garstasio,130,1668
i_have_severe,8270,6993
forefatherrabbi,879,14130
giggleshmack,365,1105
tamminus,20,304
set616,1,558
EpicFlyingCat,10423,10369
TheUnknown797,40,2366
DevilYouKnow,726,6264
question_all_things,333,2922
historymaking101,418,5531
pmacdon1,20,7339
Coffee_Revolver,48,329
sethamphetamine,12,3363
OceanRacoon,3430,51497
charonn0,1715,17944
__little_omega,1,88
gangstacompgod,6903,61269
AbouBenAdhem,24970,76601
playpianoking,19037,6079
Grognor,28,11649
Rmarmorstein,880,588
op135,2009,12311
jambajuic3,1,339
kabbotta,1940,75548
CunthSlayer,13359,20426
slow_one,58,6998
reakt80,235,1090
jw41784,4493,673
NihiloZero,55547,30219
pbj192,1461,34878
busmans,84,9260
musicman0325,22,307
Cruven,116,9762
you_will_never_guess,13,3799
RealitySubsides,3440,7997
rdkitchens,2236,2097
imthebest33333333,2561,799
nizo505,3164,31996
tuffstough,3660,8526
19t,2273,2369
TheGhostofWoodyAllen,240,28671
BunnyJazz,1,470
mickeyzamora,6,547
Riekopo,7939,21638
PandaLover42,475,12807
qmechan,2771,27303
billyjoedupree,34,2262
discuss___politics,1,591
TheRealBuzzLightyear,2816,15233
IrrationalFantasy,1521,1217
SJD2002,132,775
DeafDumbBlindBoy,3906,18515
TrueToPooh,404,17597
gogodoctor26,24,7985
byrd798,592,3334
oldnumber7,2052,9581
ConspiracyCorners,2,86
dustydander,1,12
glugglug,1808,5185
JoshuaZ1,550,52691
MpMerv,1567,135
Humanatee69,400,3051
Capricancerous,403,2170
TonyDiGerolamo,68665,56085
ThatsLatinForLiar,15,358
HHorror,1,60
JJBD,1954,1102
Measure76,17247,55073
faintdeception,10285,25374
Poseiden9221,366,12825
AKR44,2719,11208
demlibcon,1,-4
shutupshuttinup,3764,2848
shzadh,136127,16718
Mattie_Smith,1,25
geekwonk,70,6582
Metagolem,57,8073
PMeIfYouWant,1,23363
nanowerx,12552,79075
HittingSmoke,17104,164105
C_L_I_C_K,519,5901
vecnyj,224,83294
BillyTheBaller1996,7550,7207
Sr_Laowai,225,14101
Osmialignaria,84,6122
ihavesexwith,352,719
thebedshow,110,12998
pittsnoggle,1,9873
publicolamaximus,1,101
sbfgts,1,1145
lindymad,13944,14679
12358,8447,7502
TheRiff,1,58885
WastedBarbarian,433,5701
admrlwlvrnlitblt,5,148
RogueLeaderJ,1150,18474
Arkene,103,21441
robert9712000,11,635
SneakytheThief,2988,3865
ManusBaldSpot,2507,10795
l00pee,859,16819
Zeydon,1392,24965
EMBNumbers,17,1387
lalaland1125,1,21
imjustyittle,2509,2420
Lalagah,1,712
twistmental,80,47660
B0pp0,4109,4518
PancakeRange,1,41
its_oliver,1,158
MeowMeTiger,1,680
lehamsandwich,1,30
Demosthenes_lives,1,29
EricGMW,486,8479
Boone727,1587,597
darngooddogs,180,10120
t_mo,1,10024
kmolleja,639,18592
ipeefanta,1,1474
panburger_partner,1,2483
shawnemack,522,16247
Sanic3,206,14025
Ian30000,185,3053
WearyTunes,3850,11650
earldbjr,20,12624
AntiStrange,211,2182
calvinnme,1,10
HunterHyena,2157,2495
draftermath,7332,6798
Batmans-Secretary,1,7
Bleak_Infinitive,131,3872
kamahaoma,2073,13207
_Woodrow_,7585,41798
Popular-Uprising-,971,49322
yanks5102,184,1319
PigSlam,4442,94690
MathAndFerrets,103,3667
loghorninja,18,2004
Jas9191,14,565
Rubin0,25031,75115
CouncilmanDexhart,5479,3661
acer5886,10893,1254
fuckyoubarry,1,163731
crayolaclock,1879,20315
TheFrozenEmpire,1084,15675
BunniesWithRabies,425,1737
tankguy33,11,1903
nickcan,36,37106
link3945,129,15466
GB88,16,1027
monoster,1,2035
elcalrissian,7452,13683
NPGbot,1,1
GaiusPompeius,273,20875
atomic_rabbit,7841,23944
kcsquared,1998,9448
TwistedMemories,1683,3898
__ghostpants,437,5168
Stu311Boston,24,1
MysteryGuestFighter,1,76
xertzed,1,971
collegemathchef,1825,17149
sharules,1585,26931
LAULitics,1584,33446
SyncRoSwim,195,8321
tabulaerrata,157,2802
m1a2c2kali,784,37772
the8thbit,5168,45612
leonthelion,1522,11470
ohgr4213,1,3892
redditor_in_charge,1,0
SailorBexar,5106,5206
HoustonTexan,10527,7918
cjdeck1,6269,36014
Wylkus,3466,9467
autopoietic_hegemony,11,2819
aknutty,1331,14319
Teelo888,10673,17373
bobthebobd,1,9477
BlackBrane,2886,3798
joshamania,1314,25274
alkrun,14,3502
cespinar,1513,32011
ThPreAntePenultimate,1,1452
SemolinaChessNut,6160,9325
So-I-says-to-Mabel,1,2327
XenlaMM9,123,5125
vaguedisclaimer,172,1715
a_culther0,2343,12142
cmit,1295,1567
Gorthaur111,1,1664
ASpanishInquisitor,103,3598
galaxy_live,3852,2055
jaroto,21262,6234
oldest_boomer_1946,1,240
seius,8,2265
getoutofmyyard,7552,6842
hostesstwinkie,12270,27324
FightingWords,1,313
Raulphlaun,11,1641
lefferts,4311,10590
mctoasterson,2758,49091
LearnProgramming7,8300,2305
CuilRunnings,10205,42443
heelspider,58,17834
2WAR,7352,26180
Oben141,520,1115
cassius3000,20718,13029
fcjnews,6,85
lotu,609,15929
resurrectedlawman,61,765
GuyFawkes99,7356,14003
jimbelk,838,4665
KenNoisewater_PHD,106,3082
HollandGW215,15049,13514
airoderinde,1,9934
Heideliciousness,18,556
ChrisDeg87-2,50,622
dragon34,3901,17627
Filosophrank,9,815
Powerments,69,401
Trollfouridiots,3691,28935
Drummer886,40,49
Imsortofabigdeal,67,20237
swimodelbruno,133,1547
R0TTENART,465,1110
wademillward,204,78
not_so_eloquent,1710,10306
shekky,5040,522
DonatedCheese,21,13951
cnnthrowawaynfl,1,22
mallory_theduchess,477,568
Fractal_Soul,1,7356
asimpleenigma,154,1715
Not_Without_My_Balls,126,1566
ineedhelpbadlypls,1,6
twhockey99,67,587
masdaq2,1,505
tommy_s89,171,1126
F-Stop,679,28302
Plastastic,431,39383
JamMan35,105,4503
warrenfgerald,2069,6869
KKV,1,3463
Herr_Rambler,338,4194
_Rhialto_,1,555
shelfdog,89,5323
ozabelle,1,8712
SergeMan1,6,601
TrendWarrior101,11000,10014
FranticOne,444,243
kingtylerj,9,1068
EggCity,1,93
ohheyaubrie,8183,11088
anna_or_elsa,1,799
darkon,9506,30623
jd219,1,5
boredymcbored,19,1826
bmckalip,1199,3192
Hemms3,4351,1437
The_Red_Hood,29,254
turlockmike,4492,10811
AequusEquus,1,1561
ViennettaLurker,428,9327
umbra_swords,1,307
okthrowitawayz67843,1,-59
Homestaff17,2804,1670
rubrix,1163,2593
DarthRedimo,6,3735
pizzahedron,349,6313
andysundwall,329,238
KevZero,8628,26381
ThorneLea,3,15154
senormoll,6486,21608
keepquit,3,2804
antizeus,76,6043
mario0318,27,10129
cmonster_75,18,1899
hsadmin,1706,16036
MrFoenBox,26,113
wafflesareforever,11838,86270
TheElusiveGnome,760,1207
Xing_the_Rubicon,296,18216
definitelyjoking,305,44291
lesubreddit,161,13811
S_Seaborn,2680,1012
bayside871,10,532
beernsleep,357,3635
ClutchHunter,1230,26951
stupidoes,1,86
Dracula7899,533,7331
pnumonicstalagmite,1061,2792
Jackson3125,2967,19101
erichiro,176,12089
say592,3206,24816
Palmettojcm,606,2633
Gv8337,67,3222
wsumner,1998,10290
RBMAN,272,883
Lorpius_Prime,1367,31231
Nefandi,1863,73400
lamabaronvonawesome,7259,8037
subheight640,615,25068
Barology,694,4333
Tataku,75,536
Minxie,12760,77286
chiloso,224,275
rebamericana,1,336
mipbar,2846,33915
shrillskril,467,7254
TheHoodYouGrewUpIn,1,105
rlobster,97,171
okkoto,8148,7902
ofarrizzle,1227,43577
20934812148919031,1,144
EasterTheBunny,154,287
Lvgg,1,2
Sebatron2,8816,7158
Man_with_the_Fedora,8170,36153
Umsakis,1683,25836
TitanWill,1,-100
jamrealm,7,3007
Concordiaa,1597,1771
davieli,890,2428
24Willard,50,3707
dehehn,7155,75683
bluecamel2015,26,1699
jakenichols2,3205,2043
sonnuvabitch,53,39377
AtomicKoala,2180,34215
BlueBlazerIrregular,658,5219
bakuninsbart,335,11204
helios210,1,229
weedmylips1,9420,4977
brownestrabbit,4125,21384
CanadianDemon,118,6728
fvf,45,9663
guru42101,34,2245
CarlosBeltran,22,1467
MemberBonusCard,1,2759
Lung_doc,170,9885
KrakatoaSpelunker,1,4415
FireLordBrozai,21,172
HeTalksToComputers,138,8123
death-of-an-academic,1,1
insane_contin,915,48121
g_mo821,17934,26059
squishykins,1510,13387
iwasinthepool,232,15640
hegz0603,7365,4842
Liberalsarephaggots,12199,2246
zaybu,340,908
MagillaGorillasHat,2092,39166
Integralds,6144,53388
nandryshak,853,20244
preddevils6,152,1378
TheNoize,38,14460
FlyingApple31,64,16464
jc731,3,160
repsilat,6,7786
__TheLastDodo__,4798,11344
Granolayum,999,475
Xanny,305,37095
Aguy89,1,8349
xBigChillinx,960,15281
chrism3,35418,24940
WillSmithWearsAWeave,2617,6521
perturbedghost,170,6335
auandi,2043,41980
Katamayan,1231,5459
GarryOwen,573,6861
ScornForSega,7549,19726
Azsu,214,3718
kakallak,98,2640
flip69,3042,39066
cheme1,1,-53
adventure_dog,291,9205
SavageHuxley,7091,2949
RuNaa,1,3956
50eggs,1603,7706
CoachObvious,12,1289
Owenleejoeking,49,5460
ScoobyDone,26,3249
senjutsuka,538,9223
lynnangel,1542,121781
Arryth,1,110
StaleCanole,2815,21222
sparta1170,189,3707
Dekar2401,51,45474
thatthatguy,81,26542
capitalpm,89,74
disgruntled_soviet,70,3925
qbg,51,3758
Nivlac024,3976,39748
zerzig,164,2449
Soulless_shill,1,519
omgBBQpizza,590,806
creativeusername55,1,16
Usaftergrad,1,214
radialmonster,935,7335
KaiBerlin,1,-25
emjayar08,1686,3745
rothan,395,5810
Books_and_Cleverness,1660,24495
work_but_on_reddit,1,1661
Gnashtaru,6410,12333
stolt,3158,1745
zb313,718,2027
staiano,20211,38060
aggie972,20683,25868
SebasTheBass,34651,14010
only_your_opinion,1,3406
ParkBaller27,1,3117
UptownDonkey,290,37539
arz1,168,3702
albertoroa,3,2752
PoonSafari,7,285
BustnIt,1,181
Torquing,1,5299
SaltedCream,6,1456
notathrowawayboston,1,48
dakta,1639,23240
jamwha,276,142
onwardtowaffles,196,751
unphilievable,1,185
kcnheathusf,1,5070
amazingmrbrock,1421,11104
murderball,1123,9821
the_other_guy-JK,1,4637
reverendrambo,10290,36210
ahalfwaycrook,1312,8041
limethoughts,108,230
Vernacularry,12001,4663
RMaximus,51,4886
wompt,8689,3503
bsblake1,89,5468
Bob_Fucking_Ross,4852,57079
4x4lo8o,14,684
aceofhicks,1188,3258
Jyran,213,187
JesusFromTheSouth,1767,9725
marmolitos,1,54
RP61391,14,2103
werewolf1224,1,1471
socialkapital,1,1071
BernardSamson,22,317
thatoneguy82101,138,5581
AliasHandler,21178,45887
Philosopher_King,1,4631
robot_madness,1,836
schnaken,1,961
blazershorts,1,662
BladeXT,12,1640
CallMeDrDavies,1,170
memefucker420,1,15
Nimitz14,94,3698
Sgt_Pepper42,1229,10044
Soubeyran,38,5046
SLOW_PHALLUS_SLAPPER,1,5856
nocorelyt,1280,5434
kickit,8089,31176
themanwithnoreddit,113,16193
GeeJo,5990,156611
just_a_little_boy,64,2800
TEARANUSSOREASSREKT,222,36131
moriya_,1,1022
evidently_em,164,2402
Tzahi12345,3653,5991
blob_face,268,604
hubilation,1577,35575
fade_like_a_sigh,3002,81173
soyunamariposa,296,5581
You_coward,30849,77094
sadpanda34,3,1633
Njdevils11,8506,8082
rynosoft,1315,13051
FlyingFailure,157,4381
atred,56,20793
AtomicSteve21,182,18201
Feurbach_sock,47,6823
hot4you11,2735,3347
elonc,40332,12873
TanithRosenbaum,386,10977
salfasano,1654,10858
BolshevikMuppet,1063,85851
MrJonHammersticks,134,1131
greiton,599,10714
namae_nanka,535,26304
FluentInTypo,302,2108
Urban_Blabbermouth,719,38
velocirapture88,1,285
Earendyl,17,182
XenTech,1096,7805
plzsendhalp,150,14437
williamploger,1,18
jonsie19,55,1207
newzbug,1,20
nullekocd,2,64
RadBadBlackBat,1,-19
Tacdex,1,-64
Pronell,6,21896
gregny2002,1761,42798
playfulpenis,66,11145
Sayting,3097,10729
goonsack,4460,30986
jmo10,3286,6131
arrowminded,1,102
Mentioned_Videos,1,33960
adimwit,2795,808
Impune,6902,64898
thewalkingfred,115,24776
Mildly-Offensive,1,2042
Brennantop,101,694
unlurkftw,117,12809
EFINI,85795,7347
IcedDante,537,8309
serious_sarcasm,1677,13556
OneOfDozens,15952,253128
Bibibiforreal,1,5732
OohLongJohnson,1479,12180
socialism_kills,1,-1
sord_n_bored,382,14183
uoaei,312,1206
RealDeepIsRealShallo,84,5357
REJECTED_FROM_MENSA,2296,7697
agmaster,340,39081
adreamofhodor,3904,21776
Commodore_Obvious,1942,7097
ladut,1339,6664
yungrufio,1,100
awertz23,12072,31065
harkonnenjr,31,1183
pear1jamten,354,4122
197mmCannon,136,1266
spidermonk,694,10499
Dennis_Langley,118,6310
Dathadorne,3694,25994
KitAndKat,3371,3268
LUClEN,397,5363
kyonu,4778,7848
Nemtrac5,755,2088
CarrionComfort,1552,16009
Outlulz,3153,101588
just-casual,1,34
ehImCanadian,7518,3756
PittsburghJon,5575,34309
AsterJ,15538,56447
StarTrekMike,46,32315
Throwmeagueyguey,1,390
SeaRavenTX,3453,28940
jjake101,27466,11640
Kacen,503,3593
agromonkey123,1,347
Juteshire,6,694
DaWolf85,18,9911
Quarkis,1,1136
CUNTstandinople,273,20436
sammiedv,3078,53
csbob2010,1,10866
Personage1,719,58257
gsloane,1226,22641
mpez0,1,235
whatwatwhutwut,1726,21052
wildlight,1,3998
muddypaws,1672,10824
Pugilanthropist,245,14920
capt_fantastic,830,7254
MoneyChurch,185,2535
lastnamesmith,26,0
Defer90,1,208
tomorrow_machine,31,824
piezzocatto,126,2384
wweldin,1,0
praxaway,47,57
Macro_Rubio,1,233
DannyXopher,2017,5341
KingKongSingAlong,3,4908
koleye,194920,125017
GhostofTeddyRosevelt,303,4569
western_red,1365,80689
Randori68,43,1621
magicnubs,399,14605
Oedium,5850,5295
zaron5551,34566,25269
TWIMOLAP,1,244
Limp_Diskette,213,2929
duuuh,210,8918
leonsugarfoot,1573,16584
Likemike23,39,321
PSKroyer,4092,1704
DJWalnut,767,24720
Not_a_SHIELD_Agent,281,7348
GoGreenGiant,480,8202
BackOff_ImAScientist,10171,97047
velmarg,314,11951
athrasher,1048,8076
object_on_my_desk,455,13707
Ruthless__Pragmatism,1,340
MxM111,117,36761
DisGateway,328,15464
Kinkonthebrain,311,972
Alcoholic_Satan,2221,7093
SiriUsblAk,26,150
Bigred2989,25512,56216
Gasonfires,340,35986
TonyBelfort,58,178
Bama011,9584,70251
Naldor,1,1616
IeIgHtNiNe,1148,6440
southern_moon,80,1099
moofdivr,5034,122799
SocotraBrewingCo,4308,15637
ThanksThanksObama,164,1639
EvlZionistConspiracy,1,24
7088072,1,539
htmwrx,3691,2864
Velvetrose-2,313,4987
srasmus4,1349,8329
DR_Hero,76,14842
hellabro360,52,14794
DeHominisDignitate,1,0
plexluthor,505,15507
moldy3,487,125
barne080,241,2608
ClarSco,169,440
thelazyarab,3606,1092
anti09,1410,24703
serg27,4763,10573
thesnake742,240,3515
wheelsofconfusion666,1,932
Data_Stream,165,57
thecrazing,205,13748
BraveSquirrel,7655,49132
Osthato,1295,15572
MagnusT,469,11242
The_Juggler17,10837,61642
broiled,100,20141
FlayOtters,4929,16507
shatabee4,1,1140
jmj1970,2019,1241
SuffragetteCinci,1796,6250
ZealZen,361,7460
johnlocke95,4131,16472
sportsman885,1,37
gladiatorcav,24,469
INTELLECTUAL_FETUS,1,596
yellowledbetter16,485,2377
XtremeGuy5,1318,12440
Badgertime,1,3362
GenericUsername16,64879,100939
pissedcunt,39,15273
Pksoze,56,13756
l0rdishtar,1759,19465
Gittr,79,447
BuzzBadpants,517,35424
leftinthedark,1372,10550
socalpilot7,753,1302
2chainz2stainz,556,140
dedicatedtojustice,137,742
rickytickytappy,1857,3937
mykal5,1,161
PM_ME_HUGS_PLZ,232,2609
DarraignTheSane,1399,9985
Frocket15,286,525
melete,2017,23998
thmonline,818,389
wifesaysnoporn,3106,2673
Kakarot_faps,1,21801
Gargoyle_in_the_fog,1,1090
perfectmeatcylinder,1,1003
wynper,6,14745
jacksrdtt,4016,2708
xJoe3x,30,6665
ben_chowd,10857,23346
poliforecast,1444,868
cbain8509,752,6769
xudoxis,2135,34897
SueZbell,1626,36523
Dolphin_sandwhich,24,2544
7457431095,6,4952
assistantpimppancho,517,5902
Seth39195,58,258
LocalYocal,6,-44
sporksable,1,670
gmonox,1,2066
brian5476,2173,18447
seterk,1,85
tbs04,22,1909
Circle_Breaker,303,14595
dust4ngel,1354,12265
Cipahshipac,5,189
dhschneeb,1,6
plaid_tartan,11,5212
mtpdc,35,1552
jporchanian,87,5476
KeyofBNatural,3,3934
klaaax,20,4781
Spifmeister,1,2760
ZZ9ZA,415,3286
8064r7,406,974
Kirkayak,2065,6769
heyf00L,463,30639
BadgersForChange,12307,7170
IndustrialSabotage,2066,10775
RaulEnydmion,81,1165
drchaos2000,3328,13094
trose89,782,12698
mikelieman,3522,41191
1iota_,6340,17304
bob-leblaw,663,79752
SirPunchy,401,5103
TheRedGerund,2094,32440
zamerik,27,521
thundercleese,3457,7233
ryan924,8158,36290
slapknuts,9110,12549
ruinmaker,4093,29738
sarais,800,39938
northeaster17,1,572
Disheveled_Politico,3,916
FetidFeet,117,34860
ramblinatheist,439,851
DiscursiveMind,8486,22368
CaptainNapoleon,199,2568
ApokalypseCow,751,61578
Mnementh2230,2079,143226
its_a_clump_of_cells,1,236
WhamBamMaam,13,7875
SorenLain,31,6558
Quipster99,29010,19468
LoneLegislator,108,2228
charlie6969,245,35689
ne99ne,24426,35109
unceunceunce,1498,36258
chainersedict,82,6934
hussoohs2,508,1908
chefmikeb,1,610
selflessGene,2638,106970
enigma7x,696,7893
roj2323,1721,20852
toby224,530,113
mcotton82,1,428
davidreiss666,2232179,93381
PolySciJohn,1,1
ShelledThrower2,1,458
raydogg123,1,4749
seanshawnshaun,1,-2
thecrazytexan,48,5533
fapsandnaps,1251,8617
pe0m,776,4176
gravitas73,232,9055
I_Need_Jordans,214,1481
Trotskyist,136,7155
Chaoticimpact,2096,3604
spacemoses,1227,65116
coachbradb,1460,53833
Theduke66,1,116
Edgar_Allan_Vogon,124,25100
SilentNick3,472,16744
ParamoreFanClub,3,279
MMAPhreak21,6092,40419
Askew123,5140,10577
cheesy_beaver,115,1244
ComradeCartman,113,790
MITT_ROMNEEY,36,774
ShetlandJames,42951,121849
Silacker,22,351
Jaydevil2015,1,193
SupermansOlderBro,1890,33145
kilgoretrout71,6097,19331
pattonc,62,6791
Riggaman,2412,6237
papermageling,261,7031
respected_wizard,291,808
SupaFurry,25969,21506
howardcord,9108,11561
bendovergramps,16,4705
Sam_Brum,1,10
buckleberry,9,349
Tripanes,63,995
Jack_Dawstoevsky,23,176
LonelyNixon,1448,75230
patron_vectras,6039,33490
KaynardMeynes,1,262
picfuturo,3453,3988
raserei0408,87,29258
jacobbeasley,2311,208
critically_damped,603,60743
undercoverbrutha,144,69832
CaptainKozmoBagel,14890,16095
lowcarb123,1436,1320
EmperorMarcus,104,4805
BornInATrailer,1,5408
rickforking,8966,19640
mybustlinghedgerow,1,620
plarpplarp,33,6464
sonnybobiche1,52,1544
fyobpdncsafmtbu,1,-6
Darth_Squid,1507,4077
kelthan,1,1234
StoicAthos,354,4133
josihanna,30,318
VanGoghingSomewhere,163,2081
itstriche,3659,4950
sjets3,11,8218
DerJagger,2126,2013
Emorich,820,2900
Fidodo,6708,86291
NatWilo,166,28834
Lenolamick,14,1857
RizaSilver,1,412
Metabro,827,21509
thatsumoguy07,884,22294
TweetsInCommentsBot,1,396053
Firecycle,980,4439
ironicallyhasapoint,1,1589
WadeWilsonforPope,672,233606
jdscarface,34562,356465
Oliver_the_chimp,1738,4067
dubyaohohdee,5576,23978
rmarti78,5112,1538
Bkuhl11,1150,1170
spokenwords,1,244
cole20200,756,6932
ReservoirDog316,1405,26337
stanleytape,1,2561
DrJamesRusselMD,274,10383
nothereforahaircut,67,1211
Xtremecoolperson2,1,-7
jamjimmy123,1,-6
theartchitect,19,94
CommitteeOfTheHole,546,4960
Tesseractyl,1,1645
call_it_art,185,12057
Corranus,1,736
rabbitlion,8,72130
EatATaco,4142,90257
Froginalog,1,1057
nikovich,212,864
chocolate_enterprise,71,63
dapeche,84,1404
upvotesforscience,214,2384
AnokNomFaux,849,4364
jakdak,4450,29109
Jashinist,4445,26444
pinchealeman,1905,9474
Th3JourneyMan,1393,1098
JeepGuy316,3866,15861
RedditAccountReboot,8,2491
automatics1im,1,953
JayConz,132,4849
Charphin,1,90
BitcoinPatriot,108,1337
zeagle848,18,3397
moonflash1,5428,5670
keklel,1,336
General-Butt-Naked,1,5531
Tombot3000,1014,3675
ProMarshmallo,201,20919
escalat0r,4727,66558
Claidheamh_Righ,395,11614
xColdmedx,165,478
random12356622,112,7679
eisberger,17,3215
whangadude,4380,20248
HomSig,1554,74502
HayzeDayze,10,1066
revolutionisdestiny,8,1112
LeSageLocke,379,2712
run-a-muck,4,10951
kl9va,1,4540
me_at_work,18,4563
Wyartip,1759,2402
_badjoojoo,1,278
h8speech,77,3631
nigelmansellmustache,575,3593
Yatsutora,1,276
tonydiethelm,1,1105
MuhSoggyKneez,1,260
Purpleclone,1315,9832
tonyray,344,7998
Sirius_Cyborg,665,4547
ell0bo,633,22887
onthefence928,1552,52927
ikcubose,412,2109
ListenToThatSound,21,32202
2010_12_24,9735,26861
aalabrash,597,14388
recreational,13595,57082
TessHKM,3807,12740
SheinBo,22,291
bigsheldy,1894,21745
ptpatil,3778,3428
austarter,344,1726
DillonV,1642,9515
adamd22,15,740
EatMoreKale-,5,696
Cputerace,91,10079
JoeyZasaa,5,857
stan11003,1930,9145
angrystormtrooper,1032,1840
smilesthehsu,1,25
Bananafrosted,157,696
Zombi_Sagan,1665,8753
sellington,6144,3122
maowsers93,6700,47312
tinteoj,3216,24654
the--dud,1896,12143
berkchops516,1242,3862
jokerwanted,5,-100
itsasecretoeverybody,2616,23885
aescolanus,63868,38783
dannyfresh11,62,630
steelreserve,9,364
JollyGreenDragon,4365,3265
cheeseysynapse,113,-34
long_black_road,2322,1748
macamacamac,103,321
DrinksWineFromBoxes,28,9013
VaughnIlato,1,4
Kragma,1,2377
SeedSing,1,0
elpachucasunrise,1,4838
The0bviousNinja,1022,2918
penguinv,1697,9734
desayunosaur,174,9981
swinny89,11,1053
chucksimpson,3981,1749
jack_wagon_supreme,27,1240
fongaboo,9470,8635
LonelyMachines,2753,13537
Come-back-Shane,17198,9618
bobbyfiend,564,12186
TinHatBrigadier,1,977
Ten_Godzillas,9696,11738
CpnJackSparrow,3947,7205
tonykrause,1,63
clydex,160,4157
Swordsknight12,1,289
DillonBeach,16,165
nogodsorkings1,103,10856
brettj72,1759,9278
lucideus,8390,13778
timemoose,578,4572
druuconian,30,19585
PresterJuan,60,1042
uetani,4563,5994
I_Taste_Like_Orange,3156,11080
Worldhope,1,-14
thickbanana,5265,10573
Potss,1373,9558
SteamTradeEleven11,990,6702
rushmid,1,1437
TheKitcheneer,53,339
yanman,2402,15245
ReasonReader,5560,61333
Sithsaber,252,9211
employeesonly91,4378,5666
Austinpike446,14264,19252
Banhfunbags,3730,2342
inventor226,708,18302
JDUE,4779,2869
JonLeipzig,1,18
clay3r,394,2119
MrMumbo,1,2861
TRVDante,3328,1445
itssexytime,52,5344
nobodybelievesyou,1086,11794
iNEEDcrazypills,78,1848
handle_5,195,4355
mcthreadski,416,12531
JLipari,7952,15748
The-Sphinx,1,7
cdub4200,18,914
rctm_dmn_nr_kld_hm,1,2110
Thegreatwhitem,1,190
swAg_amemnon,481,8686
balne,183,537
averagemassbrick,1,2215
justicelikelightning,108,662
ReasonableUser,1,21687
Zeakk1,8639,2574
iki_balam,1960,12293
Happy_Plot_Twists,264,12120
GideonWells,1533,2629
DaSuHouse,425,2505
AdmiralChamrajnagar,1,1
Feezec,607,13531
MollyTamale,1748,6579
beauty_dior,41,2465
Stevezilla9,167,6848
AbstractSpaces,1352,10812
jasenlee,4550,29783
ohituna,53,374
lj6782,21,1616
PanTardovski,8203,54297
Zifnab25,9086,152619
MichealScottPaper,1,2
somegirls,113,1475
blff266697,8591,8828
59179,435,11113
corduroy_Joy,305,272
superfudging,4519,3130
highinthemountains,586,4602
CaptainCoul,1,0
envatted_love,246,3857
beka13,399,8919
kidfay,902,7719
