id,is_root,parent_id,author,body,score,score_hidden,created_utc,collected_utc
cvw0qr8,1,t3_3oc945,PigSlam,Because they've got better things to do.,1,0,1444587493,1444727218
cvuxvjr,1,t3_3o5077,PigSlam,"Could they?  Sure, but that would require losing contact between the two for quite some time.  If the humans got to two different planets, with different conditions, and stopped all contact, then sure, they'd develop differently.  ",1,0,1444498478,1444727218
cvuxkyp,1,t3_3o70nr,PigSlam,Can you say how you would identify all meaningful research before the research was done?  ,3,0,1444497968,1444727218
cvux70g,0,t1_cvuwol5,PigSlam,"So they are.  I'm was on my phone before, but from my iPad, I can see the 6th.  ",1,0,1444497300,1444727218
cvuw4qp,1,t3_3o7bdg,PigSlam,Psychoactive alkaloids you say? ,4,0,1444495323,1444727218
cvusuyr,0,t1_cvusotp,PigSlam,"So to summarize, your point is something like ""I don't need/want one, so nobody should have one.""  Is that about right?",8,0,1444488777,1444727218
cvusrkn,1,t3_3o6b9a,PigSlam,Does anyone else have a certain Ween song stuck in their head all of a sudden?,2,0,1444488554,1444727218
cvuh8mj,0,t1_cvubru5,PigSlam,I'd be surprised if there are more Ford Model As out there with Ford engines than Chevy engines.,2,0,1444447938,1444727218
cvugxtr,1,t3_3o4mht,PigSlam,The first gen Subaru WRX didn't sell many copies for their looks.,1,0,1444447224,1444727218
cvue1gb,1,t3_3o3x6v,PigSlam,"If they made the whole thing 3v3 + goalies, I might just start watching Hockey. ",1,0,1444440947,1444727218
