id,title,num_comments,author,body,score,permalink,subreddit,created_utc,collected_utc
3mvqit,"Daraprim (Pyrimethamine) was developed back in 1953 and its patent has long since expired. Any company, or other entity, can manufacture it and the drug is so easy to make that some hospitals even make it in-house when it is needed. So what is all of the controversy about?",25,zigmeister22,"Daraprim (Pyrimethamine) was developed back in 1953 and its patent has long since expired.  Any company, or other entity, can manufacture it.

The drug is so easy to make that some hospitals even make it in-house:

>In Canada, the drug was reportedly discontinued in 2013 but hospitals may make the drug in-house when it is needed.

So what is all of the controversy about?

---

Source


[Daraprim (Pyrimethamine)](https://en.wikipedia.org/wiki/Pyrimethamine)",1,https://www.reddit.com/r/PoliticalDiscussion/comments/3mvqit/daraprim_pyrimethamine_was_developed_back_in_1953/,PoliticalDiscussion,1443560093,1444721950
